Workbook
Name Slicer_Attendance_Percent: #N/A
Name Slicer_Hours_Studied: #N/A

Sheet student_exam_scores 
A1: Student_Id | B1: Hours_Studied | C1: Hours_Studied2 | D1: Attendance_Percent | E1: Previous_Scores | F1: Exam_Score | G1: Column3 | H1: Improvement | I1: Attendance | J1: Study Hour | K1: Exam Score | L1: Previous Score | M1: Previous hr V Exam Hr
A2: S001 | B2: 8 | C2: 9 | D2: 72.1 | E2: 45 | F2: 30.2 | G2: =F2-E2 -> -14.8 | H2: =IF(G2<0,"Decline","improved") -> Decline | I2: =IF(AND(D2>=50,D2<=60.9),"50-60",IF(AND(D2>=61,D2<=70.9),"61-70",IF(AND(D2>=71,D2<=80.9),"71-80",IF(AND(D2>=81,D2<=90.9),"81-90",IF(AND(D2>=91,D2<=100),"91-100"))))) -> 71-80 | J2: =IF(AND(C2>=1,C2<=3),"1-3",IF(AND(C2>=4,C2<=6),"4-6",IF(AND(C2>=7,C2<=9),"7-9",IF(AND(C2>=10,C2<=12),"10-12",IF(AND(C2>=13,C2<=14),"13-14"))))) -> 7-9 | K2: =IF($F$2:$F$201>=40,"Pass","Fail") -> Fail | L2: =IF($E$2:$E$201>=50,"Pass","Fail") -> Fail | M2: =IF(AND(B2>C2),"Decrease","Increase") -> Increase
A3: S020 | B3: 1.1 | C3: 2.1 | D3: 53.6 | E3: 65 | F3: 17.1 | G3: =F3-E3 -> -47.9 | H3: =IF(G3<0,"Decline","improved") -> Decline | I3: =IF(AND(D3>=50,D3<=60.9),"50-60",IF(AND(D3>=61,D3<=70.9),"61-70",IF(AND(D3>=71,D3<=80.9),"71-80",IF(AND(D3>=81,D3<=90.9),"81-90",IF(AND(D3>=91,D3<=100),"91-100"))))) -> 50-60 | J3: =IF(AND(C3>=1,C3<=3),"1-3",IF(AND(C3>=4,C3<=6),"4-6",IF(AND(C3>=7,C3<=9),"7-9",IF(AND(C3>=10,C3<=12),"10-12",IF(AND(C3>=13,C3<=14),"13-14"))))) -> 1-3 | K3: =IF($F$2:$F$201>=40,"Pass","Fail") -> Fail | L3: =IF($E$2:$E$201>=50,"Pass","Fail") -> Pass | M3: =IF(AND(B3>C3),"Decrease","Increase") -> Increase
A4: S003 | B4: 4 | C4: 5 | D4: 73.7 | E4: 86 | F4: 35.8 | G4: =F4-E4 -> -50.2 | H4: =IF(G4<0,"Decline","improved") -> Decline | I4: =IF(AND(D4>=50,D4<=60.9),"50-60",IF(AND(D4>=61,D4<=70.9),"61-70",IF(AND(D4>=71,D4<=80.9),"71-80",IF(AND(D4>=81,D4<=90.9),"81-90",IF(AND(D4>=91,D4<=100),"91-100"))))) -> 71-80 | J4: =IF(AND(C4>=1,C4<=3),"1-3",IF(AND(C4>=4,C4<=6),"4-6",IF(AND(C4>=7,C4<=9),"7-9",IF(AND(C4>=10,C4<=12),"10-12",IF(AND(C4>=13,C4<=14),"13-14"))))) -> 4-6 | K4: =IF($F$2:$F$201>=40,"Pass","Fail") -> Fail | L4: =IF($E$2:$E$201>=50,"Pass","Fail") -> Pass | M4: =IF(AND(B4>C4),"Decrease","Increase") -> Increase
A5: S004 | B5: 3.5 | C5: 4.5 | D5: 95.1 | E5: 66 | F5: 34 | G5: =F5-E5 -> -32 | H5: =IF(G5<0,"Decline","improved") -> Decline | I5: =IF(AND(D5>=50,D5<=60.9),"50-60",IF(AND(D5>=61,D5<=70.9),"61-70",IF(AND(D5>=71,D5<=80.9),"71-80",IF(AND(D5>=81,D5<=90.9),"81-90",IF(AND(D5>=91,D5<=100),"91-100"))))) -> 91-100 | J5: =IF(AND(C5>=1,C5<=3),"1-3",IF(AND(C5>=4,C5<=6),"4-6",IF(AND(C5>=7,C5<=9),"7-9",IF(AND(C5>=10,C5<=12),"10-12",IF(AND(C5>=13,C5<=14),"13-14"))))) -> 4-6 | K5: =IF($F$2:$F$201>=40,"Pass","Fail") -> Fail | L5: =IF($E$2:$E$201>=50,"Pass","Fail") -> Pass | M5: =IF(AND(B5>C5),"Decrease","Increase") -> Increase
A6: S005 | B6: 9.1 | C6: 10.1 | D6: 89.8 | E6: 71 | F6: 40.3 | G6: =F6-E6 -> -30.7 | H6: =IF(G6<0,"Decline","improved") -> Decline | I6: =IF(AND(D6>=50,D6<=60.9),"50-60",IF(AND(D6>=61,D6<=70.9),"61-70",IF(AND(D6>=71,D6<=80.9),"71-80",IF(AND(D6>=81,D6<=90.9),"81-90",IF(AND(D6>=91,D6<=100),"91-100"))))) -> 81-90 | J6: =IF(AND(C6>=1,C6<=3),"1-3",IF(AND(C6>=4,C6<=6),"4-6",IF(AND(C6>=7,C6<=9),"7-9",IF(AND(C6>=10,C6<=12),"10-12",IF(AND(C6>=13,C6<=14),"13-14"))))) -> 10-12 | K6: =IF($F$2:$F$201>=40,"Pass","Fail") -> Pass | L6: =IF($E$2:$E$201>=50,"Pass","Fail") -> Pass | M6: =IF(AND(B6>C6),"Decrease","Increase") -> Increase | O6: Attendance | P6: Decline | Q6: Improved
A7: S006 | B7: 8.4 | C7: 9.4 | D7: 58.5 | E7: 75 | F7: 35.7 | G7: =F7-E7 -> -39.3 | H7: =IF(G7<0,"Decline","improved") -> Decline | I7: =IF(AND(D7>=50,D7<=60.9),"50-60",IF(AND(D7>=61,D7<=70.9),"61-70",IF(AND(D7>=71,D7<=80.9),"71-80",IF(AND(D7>=81,D7<=90.9),"81-90",IF(AND(D7>=91,D7<=100),"91-100"))))) -> 50-60 | J7: =IF(AND(C7>=1,C7<=3.9),"1-3",IF(AND(C7>=4,C7<=6.9),"4-6",IF(AND(C7>=7,C7<=9.9),"7-9",IF(AND(C7>=10,C7<=12.9),"10-12",IF(AND(C7>=13,C7<=14),"13-14"))))) -> 7-9 | K7: =IF($F$2:$F$201>=40,"Pass","Fail") -> Fail | L7: =IF($E$2:$E$201>=50,"Pass","Fail") -> Pass | M7: =IF(AND(B7>C7),"Decrease","Increase") -> Increase | O7: 91-100 | P7: =COUNTIF($I$2:$I$201,O7) -> 32 | Q7: 0
A8: S007 | B8: 10.8 | C8: 11.8 | D8: 54.2 | E8: 88 | F8: 37.9 | G8: =F8-E8 -> -50.1 | H8: =IF(G8<0,"Decline","improved") -> Decline | I8: =IF(AND(D8>=50,D8<=60.9),"50-60",IF(AND(D8>=61,D8<=70.9),"61-70",IF(AND(D8>=71,D8<=80.9),"71-80",IF(AND(D8>=81,D8<=90.9),"81-90",IF(AND(D8>=91,D8<=100),"91-100"))))) -> 50-60 | J8: =IF(AND(C8>=1,C8<=3.9),"1-3",IF(AND(C8>=4,C8<=6.9),"4-6",IF(AND(C8>=7,C8<=9.9),"7-9",IF(AND(C8>=10,C8<=12.9),"10-12",IF(AND(C8>=13,C8<=14),"13-14"))))) -> 10-12 | K8: =IF($F$2:$F$201>=40,"Pass","Fail") -> Fail | L8: =IF($E$2:$E$201>=50,"Pass","Fail") -> Pass | M8: =IF(AND(B8>C8),"Decrease","Increase") -> Increase | O8: 71-80 | P8: =COUNTIF($I$2:$I$202,O8) -> 37 | Q8: 0
A9: S008 | B9: 2 | C9: 3 | D9: 75.8 | E9: 55 | F9: 18.3 | G9: =F9-E9 -> -36.7 | H9: =IF(G9<0,"Decline","improved") -> Decline | I9: =IF(AND(D9>=50,D9<=60.9),"50-60",IF(AND(D9>=61,D9<=70.9),"61-70",IF(AND(D9>=71,D9<=80.9),"71-80",IF(AND(D9>=81,D9<=90.9),"81-90",IF(AND(D9>=91,D9<=100),"91-100"))))) -> 71-80 | J9: =IF(AND(C9>=1,C9<=3.9),"1-3",IF(AND(C9>=4,C9<=6.9),"4-6",IF(AND(C9>=7,C9<=9.9),"7-9",IF(AND(C9>=10,C9<=12.9),"10-12",IF(AND(C9>=13,C9<=14),"13-14"))))) -> 1-3 | K9: =IF($F$2:$F$201>=40,"Pass","Fail") -> Fail | L9: =IF($E$2:$E$201>=50,"Pass","Fail") -> Pass | M9: =IF(AND(B9>C9),"Decrease","Increase") -> Increase | O9: 61-70 | P9: =COUNTIF($I$2:$I$203,O9) -> 38 | Q9: 0
A10: S009 | B10: 5.6 | C10: 6.6 | D10: 81.6 | E10: 84 | F10: 34.7 | G10: =F10-E10 -> -49.3 | H10: =IF(G10<0,"Decline","improved") -> Decline | I10: =IF(AND(D10>=50,D10<=60.9),"50-60",IF(AND(D10>=61,D10<=70.9),"61-70",IF(AND(D10>=71,D10<=80.9),"71-80",IF(AND(D10>=81,D10<=90.9),"81-90",IF(AND(D10>=91,D10<=100),"91-100"))))) -> 81-90 | J10: =IF(AND(C10>=1,C10<=3.9),"1-3",IF(AND(C10>=4,C10<=6.9),"4-6",IF(AND(C10>=7,C10<=9.9),"7-9",IF(AND(C10>=10,C10<=12.9),"10-12",IF(AND(C10>=13,C10<=14),"13-14"))))) -> 4-6 | K10: =IF($F$2:$F$201>=40,"Pass","Fail") -> Fail | L10: =IF($E$2:$E$201>=50,"Pass","Fail") -> Pass | M10: =IF(AND(B10>C10),"Decrease","Increase") -> Increase | O10: 50-60 | P10: =COUNTIF($I$2:$I$204,O10) -> 44 | Q10: 0
A11: S184 | B11: 2.1 | C11: 3.1 | D11: 54.3 | E11: 54 | F11: 19.4 | G11: =F11-E11 -> -34.6 | H11: =IF(G11<0,"Decline","improved") -> Decline | I11: =IF(AND(D11>=50,D11<=60.9),"50-60",IF(AND(D11>=61,D11<=70.9),"61-70",IF(AND(D11>=71,D11<=80.9),"71-80",IF(AND(D11>=81,D11<=90.9),"81-90",IF(AND(D11>=91,D11<=100),"91-100"))))) -> 50-60 | J11: =IF(AND(C11>=1,C11<=3.9),"1-3",IF(AND(C11>=4,C11<=6.9),"4-6",IF(AND(C11>=7,C11<=9.9),"7-9",IF(AND(C11>=10,C11<=12.9),"10-12",IF(AND(C11>=13,C11<=14),"13-14"))))) -> 1-3 | K11: =IF($F$2:$F$201>=40,"Pass","Fail") -> Fail | L11: =IF($E$2:$E$201>=50,"Pass","Fail") -> Pass | M11: =IF(AND(B11>C11),"Decrease","Increase") -> Increase | O11: 81-90 | P11: =COUNTIF($I$2:$I$205,O11) -> 49 | Q11: 0
A12: S071 | B12: 3.3 | C12: 4.3 | D12: 70.4 | E12: 40 | F12: 20.8 | G12: =F12-E12 -> -19.2 | H12: =IF(G12<0,"Decline","improved") -> Decline | I12: =IF(AND(D12>=50,D12<=60.9),"50-60",IF(AND(D12>=61,D12<=70.9),"61-70",IF(AND(D12>=71,D12<=80.9),"71-80",IF(AND(D12>=81,D12<=90.9),"81-90",IF(AND(D12>=91,D12<=100),"91-100"))))) -> 61-70 | J12: =IF(AND(C12>=1,C12<=3.9),"1-3",IF(AND(C12>=4,C12<=6.9),"4-6",IF(AND(C12>=7,C12<=9.9),"7-9",IF(AND(C12>=10,C12<=12.9),"10-12",IF(AND(C12>=13,C12<=14),"13-14"))))) -> 4-6 | K12: =IF($F$2:$F$201>=40,"Pass","Fail") -> Fail | L12: =IF($E$2:$E$201>=50,"Pass","Fail") -> Fail | M12: =IF(AND(B12>C12),"Decrease","Increase") -> Increase
A13: S012 | B13: 6.6 | C13: 7.6 | D13: 87.6 | E13: 85 | F13: 35.1 | G13: =F13-E13 -> -49.9 | H13: =IF(G13<0,"Decline","improved") -> Decline | I13: =IF(AND(D13>=50,D13<=60.9),"50-60",IF(AND(D13>=61,D13<=70.9),"61-70",IF(AND(D13>=71,D13<=80.9),"71-80",IF(AND(D13>=81,D13<=90.9),"81-90",IF(AND(D13>=91,D13<=100),"91-100"))))) -> 81-90 | J13: =IF(AND(C13>=1,C13<=3.9),"1-3",IF(AND(C13>=4,C13<=6.9),"4-6",IF(AND(C13>=7,C13<=9.9),"7-9",IF(AND(C13>=10,C13<=12.9),"10-12",IF(AND(C13>=13,C13<=14),"13-14"))))) -> 7-9 | K13: =IF($F$2:$F$201>=40,"Pass","Fail") -> Fail | L13: =IF($E$2:$E$201>=50,"Pass","Fail") -> Pass | M13: =IF(AND(B13>C13),"Decrease","Increase") -> Increase | O13: SCORE | P13: PREVIOUS | Q13: EXAM
A14: S125 | B14: 1 | C14: 2 | D14: 82.6 | E14: 54 | F14: 21.2 | G14: =F14-E14 -> -32.8 | H14: =IF(G14<0,"Decline","improved") -> Decline | I14: =IF(AND(D14>=50,D14<=60.9),"50-60",IF(AND(D14>=61,D14<=70.9),"61-70",IF(AND(D14>=71,D14<=80.9),"71-80",IF(AND(D14>=81,D14<=90.9),"81-90",IF(AND(D14>=91,D14<=100),"91-100"))))) -> 81-90 | J14: =IF(AND(C14>=1,C14<=3.9),"1-3",IF(AND(C14>=4,C14<=6.9),"4-6",IF(AND(C14>=7,C14<=9.9),"7-9",IF(AND(C14>=10,C14<=12.9),"10-12",IF(AND(C14>=13,C14<=14),"13-14"))))) -> 1-3 | K14: =IF($F$2:$F$201>=40,"Pass","Fail") -> Fail | L14: =IF($E$2:$E$201>=50,"Pass","Fail") -> Pass | M14: =IF(AND(B14>C14),"Decrease","Increase") -> Increase | O14: Pass% | P14: =COUNTIF('student_exam_scores '!$L$2:$L$203,"pass") -> 166 | Q14: =COUNTIF('student_exam_scores '!$K$2:$K$203,"Pass") -> 38
A15: S170 | B15: 2.5 | C15: 3.5 | D15: 91.4 | E15: 44 | F15: 22.8 | G15: =F15-E15 -> -21.2 | H15: =IF(G15<0,"Decline","improved") -> Decline | I15: =IF(AND(D15>=50,D15<=60.9),"50-60",IF(AND(D15>=61,D15<=70.9),"61-70",IF(AND(D15>=71,D15<=80.9),"71-80",IF(AND(D15>=81,D15<=90.9),"81-90",IF(AND(D15>=91,D15<=100),"91-100"))))) -> 91-100 | J15: =IF(AND(C15>=1,C15<=3.9),"1-3",IF(AND(C15>=4,C15<=6.9),"4-6",IF(AND(C15>=7,C15<=9.9),"7-9",IF(AND(C15>=10,C15<=12.9),"10-12",IF(AND(C15>=13,C15<=14),"13-14"))))) -> 1-3 | K15: =IF($F$2:$F$201>=40,"Pass","Fail") -> Fail | L15: =IF($E$2:$E$201>=50,"Pass","Fail") -> Fail | M15: =IF(AND(B15>C15),"Decrease","Increase") -> Increase | O15: Fail% | P15: 34 | Q15: =COUNTIF('student_exam_scores '!$K$2:$K$203,"Fail") -> 162
A16: S015 | B16: 8.1 | C16: 9.1 | D16: 60 | E16: 90 | F16: 41.1 | G16: =F16-E16 -> -48.9 | H16: =IF(G16<0,"Decline","improved") -> Decline | I16: =IF(AND(D16>=50,D16<=60.9),"50-60",IF(AND(D16>=61,D16<=70.9),"61-70",IF(AND(D16>=71,D16<=80.9),"71-80",IF(AND(D16>=81,D16<=90.9),"81-90",IF(AND(D16>=91,D16<=100),"91-100"))))) -> 50-60 | J16: =IF(AND(C16>=1,C16<=3.9),"1-3",IF(AND(C16>=4,C16<=6.9),"4-6",IF(AND(C16>=7,C16<=9.9),"7-9",IF(AND(C16>=10,C16<=12.9),"10-12",IF(AND(C16>=13,C16<=14),"13-14"))))) -> 7-9 | K16: =IF($F$2:$F$201>=40,"Pass","Fail") -> Pass | L16: =IF($E$2:$E$201>=50,"Pass","Fail") -> Pass | M16: =IF(AND(B16>C16),"Decrease","Increase") -> Increase
A17: S016 | B17: 7 | C17: 8 | D17: 51.2 | E17: 41 | F17: 34.1 | G17: =F17-E17 -> -6.9 | H17: =IF(G17<0,"Decline","improved") -> Decline | I17: =IF(AND(D17>=50,D17<=60.9),"50-60",IF(AND(D17>=61,D17<=70.9),"61-70",IF(AND(D17>=71,D17<=80.9),"71-80",IF(AND(D17>=81,D17<=90.9),"81-90",IF(AND(D17>=91,D17<=100),"91-100"))))) -> 50-60 | J17: =IF(AND(C17>=1,C17<=3.9),"1-3",IF(AND(C17>=4,C17<=6.9),"4-6",IF(AND(C17>=7,C17<=9.9),"7-9",IF(AND(C17>=10,C17<=12.9),"10-12",IF(AND(C17>=13,C17<=14),"13-14"))))) -> 7-9 | K17: =IF($F$2:$F$201>=40,"Pass","Fail") -> Fail | L17: =IF($E$2:$E$201>=50,"Pass","Fail") -> Fail | M17: =IF(AND(B17>C17),"Decrease","Increase") -> Increase | O17: Previous hr V Exam Hr
A18: S042 | B18: 1.5 | C18: 2.5 | D18: 99.4 | E18: 47 | F18: 23.1 | G18: =F18-E18 -> -23.9 | H18: =IF(G18<0,"Decline","improved") -> Decline | I18: =IF(AND(D18>=50,D18<=60.9),"50-60",IF(AND(D18>=61,D18<=70.9),"61-70",IF(AND(D18>=71,D18<=80.9),"71-80",IF(AND(D18>=81,D18<=90.9),"81-90",IF(AND(D18>=91,D18<=100),"91-100"))))) -> 91-100 | J18: =IF(AND(C18>=1,C18<=3.9),"1-3",IF(AND(C18>=4,C18<=6.9),"4-6",IF(AND(C18>=7,C18<=9.9),"7-9",IF(AND(C18>=10,C18<=12.9),"10-12",IF(AND(C18>=13,C18<=14),"13-14"))))) -> 1-3 | K18: =IF($F$2:$F$201>=40,"Pass","Fail") -> Fail | L18: =IF($E$2:$E$201>=50,"Pass","Fail") -> Fail | M18: =IF(AND(B18>C18),"Decrease","Increase") -> Increase | O18: Increase | P18: =COUNTIF($M$2:$M$201,O18) -> 200
A19: S018 | B19: 7.5 | C19: 8.5 | D19: 73.8 | E19: 58 | F19: 36.3 | G19: =F19-E19 -> -21.7 | H19: =IF(G19<0,"Decline","improved") -> Decline | I19: =IF(AND(D19>=50,D19<=60.9),"50-60",IF(AND(D19>=61,D19<=70.9),"61-70",IF(AND(D19>=71,D19<=80.9),"71-80",IF(AND(D19>=81,D19<=90.9),"81-90",IF(AND(D19>=91,D19<=100),"91-100"))))) -> 71-80 | J19: =IF(AND(C19>=1,C19<=3.9),"1-3",IF(AND(C19>=4,C19<=6.9),"4-6",IF(AND(C19>=7,C19<=9.9),"7-9",IF(AND(C19>=10,C19<=12.9),"10-12",IF(AND(C19>=13,C19<=14),"13-14"))))) -> 7-9 | K19: =IF($F$2:$F$201>=40,"Pass","Fail") -> Fail | L19: =IF($E$2:$E$201>=50,"Pass","Fail") -> Pass | M19: =IF(AND(B19>C19),"Decrease","Increase") -> Increase | O19: Decrease | P19: =COUNTIF($M$3:$M$201,O19) -> 0
A20: S019 | B20: 9.9 | C20: 10.9 | D20: 92.5 | E20: 54 | F20: 35.6 | G20: =F20-E20 -> -18.4 | H20: =IF(G20<0,"Decline","improved") -> Decline | I20: =IF(AND(D20>=50,D20<=60.9),"50-60",IF(AND(D20>=61,D20<=70.9),"61-70",IF(AND(D20>=71,D20<=80.9),"71-80",IF(AND(D20>=81,D20<=90.9),"81-90",IF(AND(D20>=91,D20<=100),"91-100"))))) -> 91-100 | J20: =IF(AND(C20>=1,C20<=3.9),"1-3",IF(AND(C20>=4,C20<=6.9),"4-6",IF(AND(C20>=7,C20<=9.9),"7-9",IF(AND(C20>=10,C20<=12.9),"10-12",IF(AND(C20>=13,C20<=14),"13-14"))))) -> 10-12 | K20: =IF($F$2:$F$201>=40,"Pass","Fail") -> Fail | L20: =IF($E$2:$E$201>=50,"Pass","Fail") -> Pass | M20: =IF(AND(B20>C20),"Decrease","Increase") -> Increase
A21: S189 | B21: 3.1 | C21: 4.1 | D21: 68.9 | E21: 49 | F21: 23.4 | G21: =F21-E21 -> -25.6 | H21: =IF(G21<0,"Decline","improved") -> Decline | I21: =IF(AND(D21>=50,D21<=60.9),"50-60",IF(AND(D21>=61,D21<=70.9),"61-70",IF(AND(D21>=71,D21<=80.9),"71-80",IF(AND(D21>=81,D21<=90.9),"81-90",IF(AND(D21>=91,D21<=100),"91-100"))))) -> 61-70 | J21: =IF(AND(C21>=1,C21<=3.9),"1-3",IF(AND(C21>=4,C21<=6.9),"4-6",IF(AND(C21>=7,C21<=9.9),"7-9",IF(AND(C21>=10,C21<=12.9),"10-12",IF(AND(C21>=13,C21<=14),"13-14"))))) -> 4-6 | K21: =IF($F$2:$F$201>=40,"Pass","Fail") -> Fail | L21: =IF($E$2:$E$201>=50,"Pass","Fail") -> Fail | M21: =IF(AND(B21>C21),"Decrease","Increase") -> Increase
A22: S021 | B22: 9.9 | C22: 10.9 | D22: 70.7 | E22: 84 | F22: 46 | G22: =F22-E22 -> -38 | H22: =IF(G22<0,"Decline","improved") -> Decline | I22: =IF(AND(D22>=50,D22<=60.9),"50-60",IF(AND(D22>=61,D22<=70.9),"61-70",IF(AND(D22>=71,D22<=80.9),"71-80",IF(AND(D22>=81,D22<=90.9),"81-90",IF(AND(D22>=91,D22<=100),"91-100"))))) -> 61-70 | J22: =IF(AND(C22>=1,C22<=3.9),"1-3",IF(AND(C22>=4,C22<=6.9),"4-6",IF(AND(C22>=7,C22<=9.9),"7-9",IF(AND(C22>=10,C22<=12.9),"10-12",IF(AND(C22>=13,C22<=14),"13-14"))))) -> 10-12 | K22: =IF($F$2:$F$201>=40,"Pass","Fail") -> Pass | L22: =IF($E$2:$E$201>=50,"Pass","Fail") -> Pass | M22: =IF(AND(B22>C22),"Decrease","Increase") -> Increase
A23: S022 | B23: 8.7 | C23: 9.7 | D23: 81.5 | E23: 55 | F23: 36.1 | G23: =F23-E23 -> -18.9 | H23: =IF(G23<0,"Decline","improved") -> Decline | I23: =IF(AND(D23>=50,D23<=60.9),"50-60",IF(AND(D23>=61,D23<=70.9),"61-70",IF(AND(D23>=71,D23<=80.9),"71-80",IF(AND(D23>=81,D23<=90.9),"81-90",IF(AND(D23>=91,D23<=100),"91-100"))))) -> 81-90 | J23: =IF(AND(C23>=1,C23<=3.9),"1-3",IF(AND(C23>=4,C23<=6.9),"4-6",IF(AND(C23>=7,C23<=9.9),"7-9",IF(AND(C23>=10,C23<=12.9),"10-12",IF(AND(C23>=13,C23<=14),"13-14"))))) -> 7-9 | K23: =IF($F$2:$F$201>=40,"Pass","Fail") -> Fail | L23: =IF($E$2:$E$201>=50,"Pass","Fail") -> Pass | M23: =IF(AND(B23>C23),"Decrease","Increase") -> Increase
A24: S023 | B24: 4.7 | C24: 5.7 | D24: 59.7 | E24: 59 | F24: 29.6 | G24: =F24-E24 -> -29.4 | H24: =IF(G24<0,"Decline","improved") -> Decline | I24: =IF(AND(D24>=50,D24<=60.9),"50-60",IF(AND(D24>=61,D24<=70.9),"61-70",IF(AND(D24>=71,D24<=80.9),"71-80",IF(AND(D24>=81,D24<=90.9),"81-90",IF(AND(D24>=91,D24<=100),"91-100"))))) -> 50-60 | J24: =IF(AND(C24>=1,C24<=3.9),"1-3",IF(AND(C24>=4,C24<=6.9),"4-6",IF(AND(C24>=7,C24<=9.9),"7-9",IF(AND(C24>=10,C24<=12.9),"10-12",IF(AND(C24>=13,C24<=14),"13-14"))))) -> 4-6 | K24: =IF($F$2:$F$201>=40,"Pass","Fail") -> Fail | L24: =IF($E$2:$E$201>=50,"Pass","Fail") -> Pass | M24: =IF(AND(B24>C24),"Decrease","Increase") -> Increase
A25: S107 | B25: 2.2 | C25: 3.2 | D25: 56.8 | E25: 80 | F25: 23.7 | G25: =F25-E25 -> -56.3 | H25: =IF(G25<0,"Decline","improved") -> Decline | I25: =IF(AND(D25>=50,D25<=60.9),"50-60",IF(AND(D25>=61,D25<=70.9),"61-70",IF(AND(D25>=71,D25<=80.9),"71-80",IF(AND(D25>=81,D25<=90.9),"81-90",IF(AND(D25>=91,D25<=100),"91-100"))))) -> 50-60 | J25: =IF(AND(C25>=1,C25<=3.9),"1-3",IF(AND(C25>=4,C25<=6.9),"4-6",IF(AND(C25>=7,C25<=9.9),"7-9",IF(AND(C25>=10,C25<=12.9),"10-12",IF(AND(C25>=13,C25<=14),"13-14"))))) -> 1-3 | K25: =IF($F$2:$F$201>=40,"Pass","Fail") -> Fail | L25: =IF($E$2:$E$201>=50,"Pass","Fail") -> Pass | M25: =IF(AND(B25>C25),"Decrease","Increase") -> Increase
A26: S025 | B26: 11.5 | C26: 12.5 | D26: 74.7 | E26: 77 | F26: 39.2 | G26: =F26-E26 -> -37.8 | H26: =IF(G26<0,"Decline","improved") -> Decline | I26: =IF(AND(D26>=50,D26<=60.9),"50-60",IF(AND(D26>=61,D26<=70.9),"61-70",IF(AND(D26>=71,D26<=80.9),"71-80",IF(AND(D26>=81,D26<=90.9),"81-90",IF(AND(D26>=91,D26<=100),"91-100"))))) -> 71-80 | J26: =IF(AND(C26>=1,C26<=3.9),"1-3",IF(AND(C26>=4,C26<=6.9),"4-6",IF(AND(C26>=7,C26<=9.9),"7-9",IF(AND(C26>=10,C26<=12.9),"10-12",IF(AND(C26>=13,C26<=14),"13-14"))))) -> 10-12 | K26: =IF($F$2:$F$201>=40,"Pass","Fail") -> Fail | L26: =IF($E$2:$E$201>=50,"Pass","Fail") -> Pass | M26: =IF(AND(B26>C26),"Decrease","Increase") -> Increase
A27: S026 | B27: 4.7 | C27: 5.7 | D27: 62.2 | E27: 63 | F27: 30 | G27: =F27-E27 -> -33 | H27: =IF(G27<0,"Decline","improved") -> Decline | I27: =IF(AND(D27>=50,D27<=60.9),"50-60",IF(AND(D27>=61,D27<=70.9),"61-70",IF(AND(D27>=71,D27<=80.9),"71-80",IF(AND(D27>=81,D27<=90.9),"81-90",IF(AND(D27>=91,D27<=100),"91-100"))))) -> 61-70 | J27: =IF(AND(C27>=1,C27<=3.9),"1-3",IF(AND(C27>=4,C27<=6.9),"4-6",IF(AND(C27>=7,C27<=9.9),"7-9",IF(AND(C27>=10,C27<=12.9),"10-12",IF(AND(C27>=13,C27<=14),"13-14"))))) -> 4-6 | K27: =IF($F$2:$F$201>=40,"Pass","Fail") -> Fail | L27: =IF($E$2:$E$201>=50,"Pass","Fail") -> Pass | M27: =IF(AND(B27>C27),"Decrease","Increase") -> Increase
A28: S090 | B28: 1.5 | C28: 2.5 | D28: 80.2 | E28: 58 | F28: 23.9 | G28: =F28-E28 -> -34.1 | H28: =IF(G28<0,"Decline","improved") -> Decline | I28: =IF(AND(D28>=50,D28<=60.9),"50-60",IF(AND(D28>=61,D28<=70.9),"61-70",IF(AND(D28>=71,D28<=80.9),"71-80",IF(AND(D28>=81,D28<=90.9),"81-90",IF(AND(D28>=91,D28<=100),"91-100"))))) -> 71-80 | J28: =IF(AND(C28>=1,C28<=3.9),"1-3",IF(AND(C28>=4,C28<=6.9),"4-6",IF(AND(C28>=7,C28<=9.9),"7-9",IF(AND(C28>=10,C28<=12.9),"10-12",IF(AND(C28>=13,C28<=14),"13-14"))))) -> 1-3 | K28: =IF($F$2:$F$201>=40,"Pass","Fail") -> Fail | L28: =IF($E$2:$E$201>=50,"Pass","Fail") -> Pass | M28: =IF(AND(B28>C28),"Decrease","Increase") -> Increase
A29: S010 | B29: 1.3 | C29: 2.3 | D29: 66.8 | E29: 70 | F29: 24.7 | G29: =F29-E29 -> -45.3 | H29: =IF(G29<0,"Decline","improved") -> Decline | I29: =IF(AND(D29>=50,D29<=60.9),"50-60",IF(AND(D29>=61,D29<=70.9),"61-70",IF(AND(D29>=71,D29<=80.9),"71-80",IF(AND(D29>=81,D29<=90.9),"81-90",IF(AND(D29>=91,D29<=100),"91-100"))))) -> 61-70 | J29: =IF(AND(C29>=1,C29<=3.9),"1-3",IF(AND(C29>=4,C29<=6.9),"4-6",IF(AND(C29>=7,C29<=9.9),"7-9",IF(AND(C29>=10,C29<=12.9),"10-12",IF(AND(C29>=13,C29<=14),"13-14"))))) -> 1-3 | K29: =IF($F$2:$F$201>=40,"Pass","Fail") -> Fail | L29: =IF($E$2:$E$201>=50,"Pass","Fail") -> Pass | M29: =IF(AND(B29>C29),"Decrease","Increase") -> Increase
A30: S029 | B30: 10.3 | C30: 11.3 | D30: 87.5 | E30: 73 | F30: 37.2 | G30: =F30-E30 -> -35.8 | H30: =IF(G30<0,"Decline","improved") -> Decline | I30: =IF(AND(D30>=50,D30<=60.9),"50-60",IF(AND(D30>=61,D30<=70.9),"61-70",IF(AND(D30>=71,D30<=80.9),"71-80",IF(AND(D30>=81,D30<=90.9),"81-90",IF(AND(D30>=91,D30<=100),"91-100"))))) -> 81-90 | J30: =IF(AND(C30>=1,C30<=3.9),"1-3",IF(AND(C30>=4,C30<=6.9),"4-6",IF(AND(C30>=7,C30<=9.9),"7-9",IF(AND(C30>=10,C30<=12.9),"10-12",IF(AND(C30>=13,C30<=14),"13-14"))))) -> 10-12 | K30: =IF($F$2:$F$201>=40,"Pass","Fail") -> Fail | L30: =IF($E$2:$E$201>=50,"Pass","Fail") -> Pass | M30: =IF(AND(B30>C30),"Decrease","Increase") -> Increase
A31: S030 | B31: 7.6 | C31: 8.6 | D31: 88.5 | E31: 62 | F31: 36.2 | G31: =F31-E31 -> -25.8 | H31: =IF(G31<0,"Decline","improved") -> Decline | I31: =IF(AND(D31>=50,D31<=60.9),"50-60",IF(AND(D31>=61,D31<=70.9),"61-70",IF(AND(D31>=71,D31<=80.9),"71-80",IF(AND(D31>=81,D31<=90.9),"81-90",IF(AND(D31>=91,D31<=100),"91-100"))))) -> 81-90 | J31: =IF(AND(C31>=1,C31<=3.9),"1-3",IF(AND(C31>=4,C31<=6.9),"4-6",IF(AND(C31>=7,C31<=9.9),"7-9",IF(AND(C31>=10,C31<=12.9),"10-12",IF(AND(C31>=13,C31<=14),"13-14"))))) -> 7-9 | K31: =IF($F$2:$F$201>=40,"Pass","Fail") -> Fail | L31: =IF($E$2:$E$201>=50,"Pass","Fail") -> Pass | M31: =IF(AND(B31>C31),"Decrease","Increase") -> Increase
... A201: S200 | B201: 10.2 | C201: 11.2 | D201: 97.4 | E201: 68 | F201: 37.8 | G201: =F201-E201 -> -30.2 | H201: =IF(G201<0,"Decline","improved") -> Decline | I201: =IF(AND(D201>=50,D201<=60.9),"50-60",IF(AND(D201>=61,D201<=70.9),"61-70",IF(AND(D201>=71,D201<=80.9),"71-80",IF(AND(D201>=81,D201<=90.9),"81-90",IF(AND(D201>=91,D201<=100),"91-100"))))) -> 91-100 | J201: =IF(AND(C201>=1,C201<=3.9),"1-3",IF(AND(C201>=4,C201<=6.9),"4-6",IF(AND(C201>=7,C201<=9.9),"7-9",IF(AND(C201>=10,C201<=12.9),"10-12",IF(AND(C201>=13,C201<=14),"13-14"))))) -> 10-12 | K201: =IF($F$2:$F$201>=40,"Pass","Fail") -> Fail | L201: =IF($E$2:$E$201>=50,"Pass","Fail") -> Pass | M201: =IF(AND(B201>C201),"Decrease","Increase") -> Increase

Sheet Attendance and Study Hour
L2: Count of Hours_Studied | M2: Column Labels
A3: Sum of Hours_Studied | B3: Column Labels | L3: Row Labels | M3: 1-3 | N3: 3-5 | O3: 5-7 | P3: 7-9 | Q3: 9-11 | R3: 11-13 | S3: Grand Total
A4: Row Labels | B4: 1-3 | C4: 3-5 | D4: 5-7 | E4: 7-9 | F4: 9-11 | G4: 11-13 | H4: Grand Total | L4: 80.3-90.3 | M4: 11 | N4: 10 | O4: 11 | P4: 8 | Q4: 6 | R4: 4 | S4: 50
A5: 80.3-90.3 | B5: 20.8 | C5: 36.8 | D5: 68.6 | E5: 63.5 | F5: 58.7 | G5: 45.4 | H5: 293.8 | L5: 60.3-70.3 | M5: 5 | N5: 12 | O5: 4 | P5: 9 | Q5: 5 | R5: 5 | S5: 40
A6: 60.3-70.3 | B6: 8.1 | C6: 45.4 | D6: 23.7 | E6: 70.6 | F6: 48.6 | G6: 57.2 | H6: 253.6 | L6: 50.3-60.3 | M6: 6 | N6: 10 | O6: 6 | P6: 7 | Q6: 7 | R6: 3 | S6: 39
A7: 50.3-60.3 | B7: 11.7 | C7: 41.5 | D7: 37 | E7: 55.2 | F7: 72.1 | G7: 35.1 | H7: 252.6 | L7: 70.3-80.3 | M7: 6 | N7: 7 | O7: 6 | P7: 4 | Q7: 9 | R7: 5 | S7: 37
A8: 70.3-80.3 | B8: 12.1 | C8: 25.8 | D8: 34.3 | E8: 31 | F8: 90.2 | G8: 57.7 | H8: 251.1 | L8: 90.3-100.3 | M8: 6 | N8: 6 | O8: 7 | P8: 6 | Q8: 7 | R8: 2 | S8: 34
A9: 90.3-100.3 | B9: 11.2 | C9: 21.5 | D9: 40 | E9: 47.1 | F9: 70.7 | G9: 23.5 | H9: 214 | L9: Grand Total | M9: 34 | N9: 45 | O9: 34 | P9: 34 | Q9: 34 | R9: 19 | S9: 200
A10: Grand Total | B10: 63.9 | C10: 171 | D10: 203.6 | E10: 267.4 | F10: 340.3 | G10: 218.9 | H10: 1265.1

Sheet Previous V Exam
A4: Row Labels | B4: Avg PS | C4: Avg ES
A5: 11-13 | B5: 66.315789 | C5: 43.136842
A6: 9-11 | B6: 70.352941 | C6: 40.1
A7: 7-9 | B7: 67.176471 | C7: 35.761765
A8: 5-7 | B8: 66.147059 | C8: 33.529412
A9: 3-5 | B9: 63.422222 | C9: 29.211111
A10: 1-3 | B10: 68.264706 | C10: 27.576471
A11: Grand Total | B11: 66.8 | C11: 33.955

Sheet Improvement and Attendance
A3: Row Labels | B3: Sum of Decline | C3: Sum of Improved
A4: Low | B4: 39 | C4: 0
A5: Medium | B5: 60 | C5: 0
A6: High | B6: 101 | C6: 0
A7: Grand Total | B7: 200 | C7: 0

Sheet Improvement 
B2: Attendance | C2: Decline | D2: Improved
B3: 91-100 | C3: =COUNTIF('student_exam_scores '!$I$2:$I$201,B3) -> 32 | D3: 0
B4: 71-80 | C4: =COUNTIF('student_exam_scores '!$I$2:$I$201,B4) -> 37 | D4: 0
B5: 61-70 | C5: =COUNTIF('student_exam_scores '!$I$2:$I$201,B5) -> 38 | D5: 0
B6: 50-60 | C6: =COUNTIF('student_exam_scores '!$I$2:$I$201,B6) -> 44 | D6: 0
B7: 81-90 | C7: =COUNTIF('student_exam_scores '!$I$2:$I$201,B7) -> 49 | D7: 0
B9: SCORE | C9: PREVIOUS | D9: EXAM
B10: Fail% | C10: 34 | D10: =COUNTIF('student_exam_scores '!$K$2:$K$203,"Fail") -> 162
B11: Pass% | C11: =COUNTIF('student_exam_scores '!$L$2:$L$203,"pass") -> 166 | D11: =COUNTIF('student_exam_scores '!$K$2:$K$203,"Pass") -> 38
B13: Previous hr V Exam Hr
B14: Increase | C14: =COUNTIF('student_exam_scores '!$M$2:$M$201,B14) -> 200
B15: Decrease | C15: =COUNTIF('student_exam_scores '!$M$2:$M$201,B15) -> 0

Sheet Previous and Study Hour
A3: Row Labels | B3: Average of Previous_Scores
A4: 9-11 | B4: 70.352941
A5: 1-3 | B5: 68.264706
A6: 7-9 | B6: 67.176471
A7: 11-13 | B7: 66.315789
A8: 5-7 | B8: 66.147059
A9: 3-5 | B9: 63.422222
A10: Grand Total | B10: 66.8

Sheet Exam and study Hour
A3: Row Labels | B3: Average of Exam_Score
A4: 12-14 | B4: 43.136842
A5: 10-12 | B5: 40.1
A6: 8-10 | B6: 35.761765
A7: 6-8 | B7: 33.529412
A8: 4-6 | B8: 29.211111
A9: 2-4 | B9: 27.576471
A10: Grand Total | B10: 33.955

Sheet Dash Board
G11: =PROPER(E3)
